Name,Country_Code,00-04,05-09,10-14,15-19,20-24,25-29,30-34,35-39,40-44,45-49,50-54,55-59,60-64,65-69,70-74,75-79,80+
New Zealand,NZL,6.8186521191643585,6.861104819001576,6.527140679021251,6.808381655646589,7.11873678521001,6.275013855333994,6.117540667880409,5.8086434219095535,7.007676518695834,6.749913995747766,7.239654085566452,6.32873795369283,5.477312176178486,5.089449862186481,3.633502861259746,2.5647871500834585,3.5737513934212024
Afghanistan,AFG,15.219100008171782,15.074673431517294,13.748176029178861,11.784473256042247,9.382061344202317,7.563682875552602,6.339363502358472,5.143374820861793,4.0343427626934565,3.197786473713392,2.5306886107421986,1.9865979072734463,1.5265892534230945,1.1571496551034197,0.6944017016000645,0.3815865937506706,0.2359517738148901
Antigua and Barbuda,ATG,7.928728571739746,7.950510793090679,8.299026334705612,8.632294321374893,8.45694743949988,7.422291925330546,6.904964168245878,5.775555991199983,7.539915920625585,8.912195865734388,6.447537519876277,4.978326689755821,3.5875318564987255,2.1248556927835502,1.9800039207998432,1.4539632751748024,1.6053497135637893
Armenia,ARM,6.867587099100246,6.257356566829439,5.258951152396253,5.9250186896562695,8.523709353311384,9.374884018090526,8.386883837821502,6.6960664238336856,5.648318991341784,5.655774971236487,7.78238612564751,7.283398813405653,5.513680563287683,3.1754852683092354,1.6957549295625294,3.0706376221455196,2.8841055740242942
Austria,AUT,4.726528815798446,4.642056851241247,4.839061633046701,5.389130749103216,6.332468548171535,6.496295770648371,6.74150409643302,6.319885154246132,7.091709094621914,8.324742784199193,8.072334025092005,6.871933810653378,5.393205592398287,5.040604308521666,5.002819397967371,3.6608531078031046,5.054866260054415
Bahrain,BHR,7.894647036058427,7.250603926557303,6.32970215002937,6.489151830803268,8.743956196355457,12.532265688476274,12.666955651060782,9.692594665987045,8.878283113218712,6.849946668583548,5.193078605933474,3.607367504648801,1.4606055457412197,1.0024418455211412,0.6483996581561489,0.45329888755530096,0.30670102531372595
Bangladesh,BGD,9.522831680127092,9.731903798986062,10.192239240860943,10.013144330950276,9.458602612361396,8.98354130604355,8.37110857944838,7.3688093992010035,6.15736480618525,5.571754544759664,4.525569704551382,3.1248442116215793,2.004729419942932,1.7735666410150408,1.3624294252635731,0.8936993462220549,0.9438609524598188
Barbados,BRB,6.10805200288514,6.536600812764984,6.721320127368366,6.470101859507767,6.410991678834685,6.316345020495048,6.744893830374893,6.627025315342258,7.151276322502332,6.929261298664743,7.315940397234488,6.8462255686716045,5.65804056787995,4.690463205671763,3.4012983128969267,2.6870502964305194,3.385113382474535
Albania,ALB,6.403824774225347,5.3640430242104635,6.778327571574337,8.904271270166733,9.391920984755451,7.968844966917765,6.022157274561084,5.318770412479181,5.962797542818614,6.435010265945443,7.07228803903136,6.609559028147935,5.371899968295327,4.076854065743586,3.329440627115664,2.606497935042801,2.383492248968906
Algeria,DZA,11.571000218093248,9.62285851198589,7.344851712347131,7.5887627043855295,9.037631963621513,9.475525190400498,9.031538663627126,7.679499176622985,6.2143365794210474,5.285860854087045,4.495524298464406,3.645248023906509,3.0693240311810572,2.014114220610082,1.5352771439308803,1.1854884468183355,1.2031582604967177
Angola,AGO,18.854995213407225,15.724806524057614,13.070639430765935,10.725308882504633,8.75197936022154,7.1978014204634695,5.895050486424452,4.784686451996153,3.769406842162013,3.0005906008854457,2.4334490955829464,1.9580469550483908,1.519768184556502,0.9823405619396776,0.6745550930554081,0.39723484645935614,0.2593400504692396
Arab World,ARB,12.515540405042913,10.967765582358998,9.742027720831949,9.104077704162055,8.934397120205832,8.908282038738763,8.196114600142772,7.04275821281382,5.838645775580665,4.844762102840265,3.9887736590296443,3.155175107747437,2.428750260079845,1.6795272765070997,1.1607616314912852,0.7948993231034122,0.6977414793232456
Argentina,ARG,8.56383670313454,8.380045906240575,8.250314884196206,7.918403851232088,7.962055201960625,7.684636956400818,7.345295612258447,7.421254766736943,6.203188147064422,5.4350952760057725,5.049923698811668,4.678016585993126,4.181378824833868,3.4852051932485515,2.70199603816545,2.0123060786095137,2.7270462751073863
Aruba,ABW,5.045770004524059,6.392399580321305,6.898709199241498,7.266409340738673,7.052719729711519,5.08619776877244,5.495288240333433,6.409725764999181,7.241382629537295,7.93828027991414,8.960525175908902,7.752505077534677,6.2643783268681,4.707909403305451,3.18898054654487,2.273580456063683,2.0252384756807746
Australia,AUS,6.449883369928928,6.353858813468725,5.894345749269812,6.205467161737064,7.007253712817807,7.4829502187244685,7.4157532059608195,6.424683439269723,7.132530365601182,6.4301731989762985,6.709537234274192,6.104978497460334,5.343713603019251,4.963789444091631,3.5571583187850497,2.6407005236036967,3.8832231430110142
Azerbaijan,AZE,9.538921832995833,6.34225760518336,6.037366286191594,7.2385054314595605,9.320792924697441,9.862612365198034,8.950643256429974,6.54491395266412,6.565060408276628,6.355253312661799,7.752354047012541,5.445823237651487,4.4194007051259465,1.35493204716592,1.4123245734941459,1.6040993477274093,1.2547386660642075
"Bahamas, The",BHS,7.502725382004489,6.9937296884946365,6.424685389117543,7.87203719405493,8.841835064777756,8.411959208183104,8.155270747051047,6.901981603993619,7.3591757104677855,6.751215790979308,6.765648073934524,5.479113136212402,4.260100665173613,3.0970132905862857,2.117679804339478,1.55610936577848,1.5097198848509996
Belarus,BLR,6.1746142861674125,5.2367045948027595,4.656902236160737,4.602421616139667,6.671441712111969,8.350119230362713,7.857106501603385,7.04451277412472,6.824556491397489,6.553807831784078,8.032709026174196,7.697753322501138,6.3164430414601735,3.968570688815234,2.9972982038361313,3.3883362788345526,3.626702163723642
Belgium,BEL,5.778741857025352,5.763158832796817,5.402553606981194,5.492344894906147,6.115843650975459,6.314671661768193,6.5011079236878055,6.533376251097724,6.779433359281335,7.179933971712855,7.298108942673583,6.720674779617547,5.895245630864024,5.465445732718155,3.8014134238553257,3.4471463020185658,5.5107991780199175
Belize,BLZ,10.980914978833077,10.54310342428198,10.930259096488323,10.682267936218121,9.938016126383644,8.831936585515201,7.664346330370984,6.4447085477626525,5.89027713220907,4.966781431000843,4.12901106914528,3.059670959427978,2.1762546376573604,1.4834936972392545,0.97275993843362,0.681906108487087,0.6242920005455249
Benin,BEN,15.696322065355991,14.004337751999596,12.457741753110273,10.776097675799868,9.206302782883812,7.75101336611081,6.522501410637979,5.445232641064488,4.528977431538675,3.739185606685546,2.9816277443331143,2.2860377676891797,1.7134552390483344,1.2423816587558498,0.8975324887918735,0.4826914099477115,0.26856120624689966
Bhutan,BTN,8.509479498728753,9.230282771704761,9.12548559038757,9.512796355329556,10.002710271930617,10.357110592000826,9.920885871739607,7.995431255888389,5.901165416930166,5.086793232063807,3.731657266755288,3.2736213104810084,2.289792599667024,1.8453080030458295,1.341971787359808,0.9174915787979299,0.9580165971890607
Bolivia,BOL,11.054504529495217,10.817248586324752,10.573484305628918,10.08662709137454,9.195777412991779,8.291351603610542,7.4701168936581475,6.4983325881690925,5.3947684341900315,4.4756009605858615,3.7395340944109887,3.187444316650202,2.7497726044679083,2.072504558400441,1.7145459945052102,1.194056153525901,1.4843298720104656
Bosnia and Herzegovina,BIH,4.5268023228959775,4.617658544368909,4.353619132399192,5.7743039080247405,5.961475072538012,7.4516535727332665,8.025974066873538,7.0821663566392745,7.303480774802542,6.919979340838375,8.059041322522265,7.549595634702352,6.930293175338336,5.478640652359217,3.1597862280653874,3.3922017963392976,3.413328098559317
Botswana,BWA,11.768564211475436,10.460224045684281,9.769302337916052,9.71895946271467,9.752108853760356,9.811777757642592,9.23511095101183,7.568978357867566,5.626335644214215,4.247497773465901,3.3713372685343774,2.8131899217011385,2.258534310724712,1.4309487134721335,1.0374433421658045,0.6645347924958619,0.4651522551530728
Brazil,BRA,7.23232224344761,7.4128949948348675,8.38242877731026,8.402491079903534,8.019956340303455,8.371484216064383,8.571473123317588,7.83618893942294,6.889735056170599,6.347406258302961,5.939194042278915,4.859084491974328,3.8906654689681948,2.8730916636160333,2.013645791351437,1.473027863001575,1.4849096497313166
Brunei Darussalam,BRN,7.9829768329914845,7.17411646833086,7.95107611747025,8.42297040558806,8.3397922436364,9.09642995548078,9.303193852377667,8.742922767186215,7.963127498889383,7.067780749926747,5.74401920659376,4.581179050445665,3.210866092611322,1.898447025908107,1.078953089407072,0.7632541565450816,0.6788944866111516
Bulgaria,BGR,4.713782808091342,4.9972185818515005,4.433007945257121,4.455186846796869,5.246187896811825,6.747805410230965,6.880753436232105,7.324624027914209,7.528232473896254,7.050452682246973,6.70691654338476,6.977632884289522,6.9107339614290515,6.690463476350563,5.023813759640055,3.853472690764675,4.459714574812208
Burkina Faso,BFA,17.36433594744601,15.227220131705327,12.980508208247517,10.873222991598718,9.068839036826787,7.551642947446559,6.337176901914715,5.1197780572497855,3.9977697470999254,3.2183852814354923,2.5072339617034975,1.9323777158078976,1.4282013767034123,1.0469319662402232,0.7221755515015544,0.40121354920060515,0.22298662787197532
Burundi,BDI,18.4445081953795,14.774905377719369,11.581904908353856,9.911806336228693,9.325649586395683,8.444723779692156,6.744282386466457,4.894059095685532,3.5493318183391764,3.116257821304936,2.6880053987321317,2.3377211450013826,1.7155680767401433,1.008845129149763,0.6865689452497249,0.42971946934771255,0.3461425302137836
Cambodia,KHM,11.372220348841651,10.659601785837744,9.57045619566541,10.099397871304724,10.505190719236273,8.228035115646854,10.850076765807765,4.176160084232155,5.328876506388956,4.896751481056592,4.41288006810161,3.1424006536439864,2.640009413336163,1.7331733887862542,1.1665629620528417,0.7136392397973564,0.5045674002636684
Cameroon,CMR,16.012235855456726,14.110785391081862,12.399665029984563,10.752967581340085,9.521658482827775,8.268720866131124,6.8045228748460165,5.277122832205836,4.130892759175639,3.2606715361461203,2.581911319305768,2.035997924793157,1.637264690268182,1.2777789272434896,0.9181003966770475,0.5766919453453472,0.43301158717126015
Canada,CAN,5.404820739483107,5.418294065978796,5.14894190591724,5.885015116904958,6.9373962860705785,6.816780724093946,7.027536466687911,6.638450229364555,6.521689768261016,6.741316148175127,7.830206405782897,7.3118989724789305,6.181871831676141,5.374936733945151,3.819236161136298,2.744895980340436,4.196712463702914
Caribbean small states,CSS,7.735713300366852,7.877811848357237,8.435702481987972,9.057329966852258,8.71546347022685,8.151834516581598,7.618614366005791,6.564638096606407,6.462936749117215,6.211824430875996,6.023318471895397,4.95411633592383,3.8353299634178524,2.869016907008306,2.093084422850935,1.5477436811222722,1.845520990803233
Central African Republic,CAF,14.450110340768699,12.669107890701623,11.933393928584401,10.91775684380098,9.62144157653225,8.62357900803098,7.186087961611943,5.600646004692799,4.316513729640424,3.436216015675858,2.899001157894436,2.485493668313241,2.0051939952745497,1.5221801882915118,1.1224066246091544,0.7017566772796787,0.5091143882974708
Central Europe and the Baltics,CEB,4.997210449738181,5.2103838442078985,4.7716930726142675,5.043255848709918,5.960097267406769,7.009811306545774,7.469579627055609,7.932925436340321,7.387359366630696,6.734126767530285,6.311376836552382,7.199582849700883,7.001358593490241,5.540842506160467,3.8873240953417993,3.3575778088313184,4.185494323143192
Chad,TCD,18.752286736529197,15.674339368228127,13.293711289326168,11.129446954551362,9.111348539110175,7.3069139514579255,5.824396301556291,4.567189875783901,3.5392697488550646,2.7392396579669045,2.2406242377544903,1.865172019577314,1.5053209010853237,1.0062923010638953,0.7137823676513834,0.4317444052604344,0.29892134424204014
Channel Islands,CHI,4.816973340175452,4.934877697138528,4.956870219680864,5.328299489284754,5.985631551939007,6.272145248393324,6.776140556655181,7.050436185030423,7.351000659775677,7.923417149280356,7.924028052684309,7.047381668010654,6.364391662390342,5.404662414778976,4.197517288566332,3.2072428707572755,4.458983945458543
Chile,CHL,6.521070900880487,6.683516694013046,6.942345728173185,7.3639269938875564,7.882810815894527,8.08428572073286,7.398443103383241,6.979954079923932,7.0316808855022925,7.169912471715037,6.5553641460695005,5.687524964284602,4.696152097311916,3.565578184392467,2.769947037969002,1.9274085265989387,2.7400776492674086
China,CHN,6.045275074684916,5.7147243247404145,5.4716009750855426,5.735997205793385,7.713287572069707,9.380884964657918,7.2217304922306695,6.919746420093426,8.65463440052707,8.976817638341306,7.223245931034778,5.73623327294492,5.654615079046958,3.7179746448885305,2.4528485546406142,1.7554860609450182,1.624897388274825
Colombia,COL,7.751147532390669,8.097445454889272,8.438180300262681,8.438460216554855,8.704836854002961,8.488780872071537,8.154235286936178,7.3672454478561145,6.539431372653098,6.627364484021797,5.81914869617894,4.737531408681436,3.7971868371167514,2.7273675029708446,1.7876822897832791,1.190969178852494,1.3329862647770923
Comoros,COM,15.129097471825323,13.36911553202769,11.775530962339912,10.453103082663475,9.331315934323769,8.410803653639816,7.187174212466105,5.7587187402501545,4.592288395051707,3.7893449879133616,3.1236286802101274,2.4815022435742966,1.8048787911839832,1.1258456207814083,0.8147383426720476,0.5043920281455063,0.348521320931318
"Congo, Dem. Rep.",COD,17.957986464926584,15.19381140783157,12.841137723110984,10.611241198582357,8.859575858789777,7.297787637523141,5.931661683371596,4.8002703981039,3.9607896865011156,3.255800090320794,2.6295752274708777,2.0827285566608196,1.6136979583498812,1.2501537852977864,0.8602451241227573,0.5081599456139088,0.3453772534221483
"Congo, Rep.",COG,16.42830706897559,14.204937742542198,11.997476370735424,10.078479242824647,8.471602677730813,7.496239446100169,6.6821633952553166,5.767683260719473,4.617375815147403,3.5935311979880225,2.846030478342456,2.29606976125082,1.859261135027152,1.434183272623384,1.0394712066021259,0.6657533119928662,0.521434616142137
Costa Rica,CRI,7.286562600746696,7.497883669415644,7.524215605728132,8.26096904021548,8.584460829684787,8.611250350988488,8.117952931143858,7.204051707104007,6.3434175359048215,6.48797279449234,6.1966783489501545,5.125950268831183,3.8575870711440663,3.2069012136401924,2.2534188878604784,1.5781690360556173,1.8625581080940545
Cote d'Ivoire,CIV,16.15337292298378,13.905284730262544,12.415659966215532,11.056449170268328,9.225147386372987,7.537192604771232,6.256046942332939,5.328502592509518,4.3888753704812125,3.594449649178232,2.9359088865979053,2.355583026996035,1.8206108867603612,1.370143967224097,0.9080390789071904,0.4883409753939334,0.2603918427441714
Croatia,HRV,4.889089246016217,5.124054234401187,4.87750395196504,5.680386239905985,5.517026457052935,6.3014483996474455,6.812010167463403,6.900767317576223,6.87723989290145,6.553398808879521,7.228438447475441,7.29240735035761,7.009150479172044,5.870865602262819,4.054258190291429,4.188928312722057,4.823026901909195
Cuba,CUB,5.160470613356335,5.389540001626051,5.755322285439949,6.078776339248164,6.41752509885806,7.0917125698073376,6.011802736575823,5.972292876582962,8.699755091547857,9.203892125087867,8.935400676514163,5.838784669682644,5.471878549851171,4.202918426538264,3.5116978159476195,2.7272514957116,3.530978627624135
Curacao,CUW,6.704773479683751,5.936307183957158,6.335099413205719,6.393335738746779,6.663628249681916,6.096457079195073,5.681206757945777,5.486874671629415,6.565512701216,7.45868069402508,8.067630098052248,7.484633839103161,6.284459130126538,5.093779474227261,3.787893174322844,2.7301442615064215,3.2295840533748588
Cyprus,CYP,5.63563030979147,5.4872565004719815,5.428130095254441,6.5279327211876765,8.39955376297949,8.159872994078778,8.900197374066764,7.832232043250666,6.973139963957779,6.44889727967047,6.2613061014331075,5.972968334334506,5.127434995280185,4.2758088045996745,3.3000085814811633,2.4307045396035356,2.838925598558311
Czech Republic,CZE,5.101925771878532,5.394347859109808,4.5456230703095954,4.293121116261746,5.775381263347999,6.587978805728055,7.068309985428678,8.738270616212295,8.219119240489597,6.628467871925972,6.357039412929401,6.342825569784044,6.871591913451634,6.43133258240497,4.650012796251718,2.9302705267001685,4.064381597785789
Denmark,DNK,5.1979402767528775,5.863307036074012,5.819777382949396,6.319541436042201,6.792614105226338,6.071330920024027,5.497193445848865,6.293747389364477,6.6771567148448785,7.582851498430012,6.902142031944501,6.276275705632568,5.746705980594291,6.670611431513287,4.795546110641329,3.32442330247549,4.168835231641448
Djibouti,DJI,11.494366798406508,10.816220106525684,10.424830012806058,9.976786906959536,10.128387213764316,9.705122761333136,7.365792618439147,6.868980617461517,5.423934602375822,4.6212188619615,3.948816312463325,2.956431243178831,2.082533189316796,1.7509497545223858,1.190501666364442,0.720045142201313,0.5250821919196811
Dominican Republic,DOM,10.089129478568948,10.061366451910839,9.808345833660622,9.25697003464252,8.959555168496307,8.217390482553318,7.458053182105413,6.555113692111168,5.910694236184807,5.312948578752442,4.711403670323414,3.944363388479778,3.0620063407599507,2.2334371890253695,1.6124211192384477,1.2447676002914405,1.5620335528952145
Ecuador,ECU,9.97458369834722,9.712281618048356,9.332409089166292,9.283326942041628,8.932473830029714,8.402233027094349,7.556080100527968,6.79424143275272,6.149285667077729,5.417779568013925,4.615208416708668,3.9046074471937975,3.2212977371730305,2.2463816008101403,1.7773262407442152,1.2383641274666581,1.4421194568035915
"Egypt, Arab Rep.",EGY,13.240442232404298,10.468241253963967,9.451596648007623,8.592058380328453,8.722064380672641,9.120457598041282,8.037947773007684,6.69127330870571,5.302011350166615,4.703549470011851,4.232569223064489,3.5284565678372197,2.689070618066924,2.234745730224228,1.3145833104756077,0.890970463330868,0.7799616916905396
El Salvador,SLV,8.485708918005356,8.902711348234407,9.640186054771476,10.437857448434142,9.818817438692989,8.199578786413241,6.985280375700452,6.471078576753143,5.876685258324256,5.2143584768214195,4.601047598636956,3.895042309881381,3.2998491981582556,2.590285645358922,2.148652846129727,1.668825836522577,1.764033883161299
Estonia,EST,5.482694854515677,5.860297624616901,4.744756806016085,4.224602144059564,6.082721174128581,7.489603372561728,6.987172611780385,6.742384998124917,7.185786800485924,6.194845767829066,6.959864111686441,6.826744682259135,6.4588025793220645,4.976917090937305,4.473725647702093,4.117117713327689,5.191962020646443
Ethiopia,ETH,14.691193093924737,13.695536053405371,13.053498439241077,11.822638424601887,9.76340957282242,7.723941111220109,6.533130095104424,5.092322977741893,4.228164089716598,3.328185973040751,2.6222862791557566,2.208967132253253,1.7528361542698891,1.4215819882634955,0.9900689953541955,0.5960584863279531,0.4761811335561911
Fiji,FJI,9.872834572855309,9.8666696557174,9.005150508045217,8.57685690106429,8.602413284835986,7.9608135448834,7.993992008025601,6.988998425143894,5.878864982710209,5.628569346911096,5.613549366975099,4.757746778830795,3.422537816162171,2.547119582579065,1.7220294907217997,0.936619047352168,0.6252346871864999
Finland,FIN,5.531918077615444,5.5800244108616655,5.226380812361941,5.528286377950802,6.334560202995585,6.128246812499179,6.447343639817152,6.463147920769819,5.447512997469855,6.617741528102421,6.80106023730511,6.716490909435994,6.700102636577457,7.4089593118239385,4.354882391330056,3.577315418408301,5.136026314675279
France,FRA,6.098143016301251,6.190733177827109,6.1946572284657275,5.905240834888288,5.672710400990033,6.059903435891826,6.199335730816558,6.014386853110822,6.732941993318835,6.680364824593658,6.690459749197106,6.327685701187797,6.112925460606672,5.8874631271118725,3.7764952132067764,3.40608346878021,6.0504697837054575
French Polynesia,PYF,7.971665417096943,6.125249324525046,8.04416403785489,8.300207947263443,8.85084381321526,8.446619796013637,7.4479070885968515,7.111230566833118,7.190448571953997,7.4606385537055635,6.211186714008855,5.23829058861807,4.0514351190391995,2.6704248065524605,2.133935012943656,1.4167291451528483,1.3290234966261618
Gabon,GAB,13.857364434542093,12.293107485573456,10.976460796201454,10.226210983416141,9.396960050820383,8.408779499354312,7.139487112906105,5.814378087883094,4.7773942034160015,4.003206413754889,3.2313370722173405,2.610746470742344,2.1596344270998764,1.7558187251781148,1.392401981809456,1.0055109511897116,0.9512013038952247
"Gambia, The",GMB,18.394725263244606,15.12754881652941,12.66201020229803,10.64902527670569,8.920983422772542,7.544336197665004,6.408280778171342,5.199193942109292,3.7588576962254714,3.2314643853808582,2.467497503671662,1.90444235942708,1.4177839033534179,0.9061621638997772,0.7590445441413133,0.40775037118443497,0.24089317322007267
Georgia,GEO,6.869518242975308,5.713187316355591,4.74474469627145,6.116646785587267,7.538641662241176,8.137306966556205,7.383789844884536,7.087672062805916,6.6870104721366275,6.612651468805537,7.281478958608077,6.56584080824255,5.235826189327062,3.685882173800988,3.1106491024459375,3.587014830370541,3.6421384185852315
Germany,DEU,4.194468226342949,4.20449641324896,4.486860087877329,4.986910467549064,5.448929398307562,6.318586597391251,6.408834158078555,5.867916866073448,6.045867905847433,8.364047792984726,8.564218532936613,7.510634518192203,6.3575778922981785,5.10377294157415,5.289820233333174,5.185407598478791,5.661650369485614
Ghana,GHA,14.797522193902763,12.74845180898736,11.271164028257973,10.107536720409671,9.349481955292566,8.216737657458204,7.196361547270542,6.067765386752877,5.014911951681095,4.1377943357896365,3.2529897143341637,2.571721093548231,1.8734221253618173,1.4472037523094308,0.916110836331977,0.594719578073508,0.436105314238184
Greece,GRC,4.866413871546909,4.904765636522857,4.831148730547338,4.661975860752227,5.492610400407213,5.372666410618578,7.13503628723864,7.268001394340795,7.606023685310738,7.454714420744184,6.882044017845492,6.492805948201644,5.635232759171986,5.988909963363437,4.3343593739661195,4.632163139351646,6.441128100070198
Grenada,GRD,9.300257430376785,8.854668850924408,8.328574771823074,9.108354785864732,9.657851626491926,10.690381465012871,8.709571729464077,6.422653873157033,5.15047975661128,4.274280365083079,5.329276854668851,4.008424994149309,3.005850690381465,2.1362040720805053,1.7336765738357125,1.5127545050315938,1.776737655043295
Guam,GUM,8.386261294405038,8.357418253524443,8.722959649174442,8.702946110604232,8.30797304058628,7.374400329634753,6.380198369485241,6.116490567148365,6.525590840862937,6.534420343173323,6.3902051387703445,5.151720281366807,4.314683462342172,3.425846896429938,2.071401242016658,1.657591900403214,1.5798922800718134
Guatemala,GTM,12.784960952761312,12.068007281695529,11.769853288557103,11.000265130472279,9.705439616978556,8.265064633277687,7.354185735858214,5.98257457046936,4.760318810061643,3.76848731286748,3.048706725619087,2.4841740114986957,2.161428295118056,1.7429223227681114,1.222751388569603,0.8958754375065816,0.984984485920703
Guinea,GIN,16.224193188929135,14.019926098001442,12.287876757036274,10.702291057128512,9.154917401549262,7.684951291143577,6.368444052824304,5.21025745146761,4.232622363008076,3.503206940665055,2.993879569404668,2.5199566327400604,2.034057733656182,1.3277059528464326,0.9229025608731826,0.5241268056142677,0.28868414311195784
Guinea-Bissau,GNB,15.658574275141312,13.376980738210456,11.757363805186179,10.464695755899855,9.360714624591653,8.127797432665067,6.970083906036084,5.478535507570521,4.432353299987801,3.5937267021810144,2.9756143846664767,2.5035717674487956,2.1315657489867568,1.4185677686958644,0.9632250281268215,0.4960080246160519,0.29062122998929146
Guyana,GUY,8.752224329767888,8.364001381854685,11.690751350893317,12.406317422449924,9.419686214695894,5.5179021881538555,5.202161429307052,5.526766916313056,6.335542997190663,7.052934159838871,6.289263901653664,5.137109968256452,3.298852148067033,2.2585502258550227,1.300898857362613,0.899900271808209,0.5471362365318055
Haiti,HTI,11.553872270615056,11.319712592592316,10.867787494933978,10.461730843435113,9.734623077234042,9.00745929420477,8.100294769886137,6.134907007863923,4.785760372892822,4.285996903949905,3.7189292159221856,2.9777145451522244,2.420356440679533,1.676929105195589,1.3497254755291888,0.8843563391023509,0.7198442508108669
High income,HIC,5.560062444568367,5.669258184104704,5.559374907110959,5.76656232049559,6.362687566635827,6.623117037962048,6.904249599367537,6.782124285815091,7.096393658785703,7.024541651692089,7.05582490698992,6.542255839292389,5.825648059843467,5.277280825216253,4.02662284348491,3.2395468174460818,4.684449051189064
Honduras,HND,10.104308822473145,10.615041869657935,11.043447355189931,11.159743704690738,10.442820239106583,9.131634935220296,7.819310320914025,6.420212357555238,5.156221749435917,4.387781638774201,3.591874239943728,2.928560283143407,2.3457782357035115,1.663826646489314,1.203718610140358,0.8918943017141668,1.0938246898475057
"Hong Kong SAR, China",HKG,5.0436090937748475,3.365590789987162,3.5514867088045348,4.9626038623809,6.235951895649713,6.6070182724423026,7.5083417730892625,7.723831019090434,7.864118720434904,8.151688660677463,8.934666228470068,8.356295994046294,6.634284649755033,4.8941094085290375,3.0345890147981693,2.8155956560499806,4.316218252019896
Hungary,HUN,4.701479117710705,4.978680345381452,4.87854857701338,5.059194170900627,6.145861589368314,6.605943495041669,6.962144786717098,8.73390612443526,7.651536163153012,6.806786121753159,5.7891523240303036,6.773016032664739,7.095853614181811,5.445904360750704,4.651464030892926,3.350899062585403,4.369630083419435
Iceland,ISL,6.985236327581829,6.986445473562024,6.348016396019491,6.678717821602602,7.711026202193391,6.796004981681439,7.259410178590861,6.376733613049103,6.387313640375803,6.385197634910463,6.603750770830562,6.324135762910656,5.443877489329287,4.566944367193451,3.1386406780890654,2.274403588745269,3.7341450733347035
India,IND,9.436057913273697,9.68423591503579,9.667833496092253,9.408330148972206,9.015071697538016,8.604954856938173,7.948958400441572,6.963066267849492,6.179738792019875,5.424556455710116,4.75159635094674,4.025567200736879,3.2739223329719924,2.2149056349832046,1.5338283754795363,1.0064577778091994,0.86091838320126
Indonesia,IDN,9.653359886752726,8.900219155396497,9.13880818235279,8.905518424628086,8.156347971472623,7.75591788776696,8.31211907619865,7.719408100862305,7.180931840134454,6.3701995561760105,5.350414226470438,4.3279456782390024,3.0550809320789103,2.0744691951390766,1.4730858059390057,0.9549237341433229,0.6712503462491421
"Iran, Islamic Rep.",IRN,8.665632771845,8.084224311911251,6.85961438249615,6.925467598791707,8.95833423925327,11.576961547566764,11.43455978206954,8.517779053762498,6.358134606522483,5.631095935252698,4.82033256480985,3.949405576630765,3.1573429218259017,1.8652895706081078,1.2763889421204635,0.9925701250290863,0.9268660695044697
Iraq,IRQ,15.72463247865829,13.657208505687073,11.600917487235881,10.471632312144434,9.084051610235674,7.941936768936558,6.836325938315195,5.972738126141179,5.016026100806912,4.026014049486601,2.6864354627019256,1.994709718849657,1.9311351948383724,1.1107284205659576,0.9121582433488146,0.5827518274998803,0.45059775454759227
Ireland,IRL,7.539098889730644,7.576267222655542,6.665190844100162,5.747115793354405,5.406118949863235,6.282374242474489,7.757974287093717,8.165576955461312,7.87382922981443,6.609890566608194,6.468646594618386,5.548267365643798,5.220148078982923,4.557083108478557,3.299475551807617,2.421519043494702,2.861423275817886
Israel,ISR,10.315566564702912,9.183169846858666,8.334719553532882,7.740383112281927,7.080379212568057,6.989831388687154,6.931431144871507,6.78569306196989,6.226344261680825,5.266785535545988,4.807220723566371,4.49635338567478,4.603106262907063,3.8557048589623375,2.408956358765084,1.9276495679885521,3.046705159436007
Italy,ITA,4.298356492010681,4.710817534703766,4.7012062324314225,4.68291067314617,4.902327301841853,5.164055395877636,5.653439789085512,6.641339065667474,7.823553944417857,8.116276306514687,7.857072476036127,6.838947901439578,6.199820176272305,6.090033647626376,4.890553991708692,4.581874266185222,6.847414805034643
Jamaica,JAM,7.293504001489259,7.799350955041197,8.485484197205134,9.77276266541607,9.495209131736795,8.687679780620657,7.4145779149296445,6.341595261578006,6.139005883648041,5.8880871789455975,5.389185328648372,4.515677496612472,3.6389835089597202,2.8002369926986916,2.1596407162048235,1.71579849892691,2.4632204873386114
Japan,JPN,4.1628296836872005,4.265485297700454,4.427181476891267,4.709346968910062,4.8286324300702645,5.406678134826023,5.890402446790613,6.593603248520482,7.65552528345233,6.8127182027465,6.21249753059018,5.953326959123083,6.739759700796023,7.468008062762381,6.139050679981004,4.975395379873544,7.7595585132785905
Jordan,JOR,12.909328232480489,11.798188884735323,10.817906584816711,9.948861992690281,9.033731702496542,8.364896550116814,8.02473142901084,6.8581444028195495,6.03039259616143,4.7938738149885705,3.5665853407714767,2.4052257494752487,1.6622321252340662,1.3742491816825941,1.1273878481494684,0.7470096636441911,0.5372539007264028
Kazakhstan,KAZ,11.054878934699914,9.185609520496516,6.476908198395964,6.425945275019954,8.54859292799237,9.577894642463544,7.730142400359961,6.8732117591260025,6.454507539759602,5.730310775794088,6.328043566944083,4.9376865545945945,3.940532350227515,2.1165145464348267,1.6963568492179746,1.8239152053561853,1.0989489531169034
Kenya,KEN,15.562306192910528,14.086758866423937,12.259997773738812,10.305723945089436,9.151963867685385,8.72890475289391,7.4685069383475495,5.782376845215912,4.237175252401168,3.1462660114585135,2.5679636150920357,2.1643354260738614,1.7352763506306645,1.1814927945532259,0.712034418362772,0.48860917350770033,0.4203077756145877
Kiribati,KIR,13.126317568469084,12.210134936801188,9.610133157805787,10.55655871129573,9.26500804995419,8.741983401972906,7.107976125881714,5.694564279551337,4.811293062807433,5.183992599379131,4.428809051528602,3.1959652384298582,2.3633953906229155,1.4934666393887372,1.0736237246826716,0.6946977042064346,0.44208035722227657
"Korea, Dem. People?s Rep.",PRK,6.946432040590067,6.796261005178349,7.424732512812302,7.761909738605162,7.986828390991853,7.478355371152746,7.257443823904107,5.951946461259065,8.755791071923284,8.708771191394646,6.1140434048197445,6.29834638935379,2.979700076926083,3.5346881138488535,2.9386113480501956,1.9130905804128806,1.1530484787768727
"Korea, Rep.",KOR,4.547881144540957,4.518361443627565,4.926459158697612,6.485902258535682,7.005201647097368,6.500189936022341,7.40239592023588,7.674675747560446,8.375293507854785,8.373756476178261,8.186858956046505,7.462344106858551,5.413761419967551,4.2075629702911925,3.383184525749864,2.7358887255447,2.800282055190738
Kuwait,KWT,8.937942481144571,7.6599740757916965,5.726192571391133,5.717302803231663,7.699746795765285,11.546472804631929,14.08904927012691,11.911313000772074,9.130999469440138,6.7784739145683,4.306989901377529,3.069256689486308,1.4561748560872432,0.9636405912980475,0.4775552623702023,0.3136084108511696,0.2153071016658038
Kyrgyz Republic,KGZ,13.137607335628823,10.13288961253162,8.131160189219257,8.758667890793516,9.590745117551934,9.909904465393824,7.3909260506179475,6.0794550990372676,5.648962656576853,5.045578244653804,5.1783486676540935,3.927244695604206,2.841663086783912,1.3792243246024483,0.9106919556635088,1.0049356217051857,0.9319949859818002
Latvia,LVA,4.8263237473009255,5.4334953199192935,4.662230155800417,4.042062573007741,6.366629077687823,7.4492928046603595,6.753728135603505,6.451431836685158,6.9642432731741115,6.583414663747201,7.556598382831107,7.253290721253281,6.289462106769555,4.82369420438628,5.1599722886631305,4.342386714740105,5.041743993770006
Lebanon,LBN,7.881614352228426,7.495441177300045,8.615982619643352,9.51940633864793,9.957846379511114,9.290597792451317,8.21803316262567,6.703661398218995,5.738484838592295,5.658324079522891,5.293908824913348,4.169829370389368,3.321202110569547,2.711843606871811,2.210813224918613,1.7072532497154636,1.5057574738798132
Lesotho,LSO,13.039444090037481,11.672994470314592,11.360210808132187,11.718520933273755,11.1003071631112,10.128701249916864,8.379819973752028,5.691088897444616,3.5813214102711823,2.5748680809846456,2.24831406889484,2.2689695937559424,2.0931400238498714,1.6130044561601706,1.0216756548644463,0.7868771375657956,0.7207419876703847
Liberia,LBR,15.56866109847632,14.151144081477307,12.58591769221648,10.589798283000675,8.679946298805492,7.661324525840035,6.7175344703313336,5.596946155359528,4.582077070895614,3.690846859665882,2.9812556540136668,2.3730758589326646,1.810039352157174,1.2666544981856085,0.9438122607661079,0.5237998169398579,0.2771660229362545
Libya,LBY,10.336997832900476,10.346235799413803,9.149616512896998,8.187928271331181,7.740571779159083,8.480373621591868,8.535339522346163,8.587725163488116,7.682292952482767,6.20738788851622,4.469360054204565,3.277949069497859,2.457538005472062,1.6686156652339326,1.2929011961255332,0.8705349961248323,0.7086316692145403
Lithuania,LTU,5.277409627148518,4.6327424946039635,4.6047209724225535,5.542753476011305,7.181840401251674,6.607364772058342,5.807856353553122,5.968033433049561,6.9837963998884645,6.9433820669142925,8.230857410384488,7.2329263212973895,6.1385378548733005,4.559728184349946,4.747857937078946,4.199717030820231,5.340475264293902
Low & middle income,LMY,9.824508603137762,9.261319260743333,8.787884204885948,8.462798791203637,8.568105519669908,8.619834546340341,7.605499111895392,6.7626021406567265,6.499112505369431,6.008114434937125,5.154308617472701,4.247319927434365,3.6239479548670004,2.479021244940632,1.7150605773522103,1.241115679910705,1.139446879182783
Luxembourg,LUX,5.604419912781512,5.308600360952521,5.520853083896883,5.985386338579083,6.3584525389568896,7.0196136263088045,7.88582945344485,7.432883196044972,7.743274274759307,8.240286233944987,7.475544413311705,6.313509034346669,5.13023082703071,4.146389421422603,3.2569995997219117,2.559673036003961,4.018054648492637
Madagascar,MDG,15.556300104929196,13.732145428647941,12.420889451335423,11.155681835530602,9.387428879832346,7.737932007696183,6.082749235725111,5.595350435870848,4.635984813943575,3.6922368486746038,2.9746044936763965,2.3726377004867674,1.8182418355966214,1.1495420539962427,0.780792056575116,0.5082773580288991,0.3992054594541289
Malawi,MWI,17.15687014848246,15.180771307641978,12.819339292087378,11.06028080248933,9.550367953217243,8.15733996497985,6.378322406575758,4.991666682156825,3.5760656609216768,2.5532795607982512,1.959102264785046,1.6825971325858402,1.4926025975136437,1.4207766703347362,1.0177672888753402,0.6025361726173658,0.40031409393727596
Malaysia,MYS,8.364656135488188,8.098814405823969,8.554681556502617,9.170245626575008,10.256839449669078,9.968736817412958,8.70759997830617,6.885427070899425,6.086609483533542,5.559446121576772,5.02259966262468,4.207976570663777,3.2246196615004252,2.4193499730722863,1.4892319642427658,1.0346539150027174,0.9485116071056194
Maldives,MDV,10.27465893704694,9.005723894203275,8.198219776030031,8.90674109521412,10.584560638573475,11.09364994794238,9.606708345349764,6.986474794824543,5.828009443692229,5.055943611576833,4.292431848509882,3.386922539238737,2.078883180745035,1.3886920095219009,1.3820931562559573,1.0822119356147444,0.8480748456601541
Mali,MLI,18.587004978609286,15.923754128907014,13.015425154550982,10.568331472126731,8.651019727956633,7.101339375559598,6.0418380001379575,5.03479208218052,4.018041450038847,3.00767161065414,2.24645383039046,1.795559627343521,1.489111117500111,1.0443420209465006,0.7870534567248726,0.42831994692634995,0.25994201944647444
Malta,MLT,4.449919304980862,4.709486353627108,5.272614865944386,6.2580897624996235,6.758931445123914,6.228219870193321,6.422721494513434,7.814565856166049,6.782549499505642,6.265036249082486,6.798294869093461,6.6862248855566335,6.30532587126308,6.8767901674797915,4.94705619476096,3.894200378351969,3.5299729318572823
Mauritania,MRT,14.777444190183608,13.335770500476452,11.903193164262444,10.456061662459398,9.06178734987329,7.823871978412631,6.781306944402105,5.900853680482962,4.974426954314671,4.063513198563071,3.2698194791772175,2.566548430461082,1.875446827634427,1.3499234431222225,0.9387928499711375,0.567637042711559,0.35360230349172134
Mauritius,MUS,5.546865409213491,6.333730660024314,7.441598916525755,7.702963317902274,8.214366329928996,7.371901742825349,7.1179030654876225,8.02404552492664,6.904455471030133,6.89217926429881,7.4230658044281475,6.298090059836607,5.165748591206276,3.9329798313803606,2.3354889296335752,1.5791161923166788,1.7155008890349714
Mexico,MEX,9.14593205091618,9.138025249237064,9.321479109006507,9.380112889256658,8.945425385772877,8.31149876177423,7.744042650467625,7.319771844486225,6.77373645010538,5.796491033373552,4.676582287769098,3.8601575798885355,3.1197556325116977,2.1603951917576154,1.669856995142643,1.130028632967132,1.5067082555669773
Moldova,MDA,5.478900888465091,5.309631927232354,4.944870821278031,5.960484588674455,8.161768905663223,10.465047900921384,8.817235947032545,7.485452745232488,6.503968507419726,5.927058470665064,7.516853037907975,6.8629053655390795,6.60790460163411,2.9828871218564887,2.646093660095208,2.111697818889527,2.2172376914932497
Mongolia,MNG,11.417664762731258,9.407921371590472,7.402300808277016,7.728139381318994,9.161464131059965,10.460222484010524,8.649895543763817,7.615369902140288,6.929459767621203,5.952687509251017,5.27529337975232,3.6212621665662996,2.334500566719858,1.4746544090264246,1.1541214422868313,0.7622162429954169,0.6528261308882937
Montenegro,MNE,5.8763302510459585,6.35113002023605,6.427477308782188,6.8096959449142265,6.872220355955169,6.647357499795067,7.464193121671861,6.943745710487867,6.656679905554386,6.323966458627002,6.895847832621027,6.467660092227525,6.618586626848207,4.458520919960717,3.182797911138185,3.178940363927433,2.824849676207131
Morocco,MAR,9.950499324980218,8.976016326487395,8.2955453057669,8.655050681243328,9.03255037864725,8.59725999360454,8.183757107953511,6.932337248034042,6.077484783584245,5.634084445496941,5.39063168360269,4.627440887154396,3.4791029519269148,2.09858997645292,1.7085850107065634,1.251178423010322,1.109885471347824
Mozambique,MOZ,17.21383438041712,15.02446416297056,13.065218740973892,10.992154761784343,9.007049609185662,7.317181444487021,6.0930850937400045,4.782102192722868,3.6429051067981852,3.00477559704971,2.573942119882423,2.1643361396115206,1.770260294719436,1.36363524262021,0.9697273876850423,0.5923754791422061,0.4229522462097981
Myanmar,MMR,8.469673556418211,9.25516957722851,9.825758146710308,9.24457532581405,8.575291378093915,8.019113588075541,7.86589770584176,7.460304861366149,6.792115591112659,6.074330010078083,5.163129763771942,4.374234676658437,3.5207332097720783,2.137057181163963,1.4766104347550522,0.9716375747780672,0.7743674183612738
Namibia,NAM,13.75617671819524,11.88650699723039,11.047449396664268,10.824172472273398,10.240520898150747,8.659809746912149,7.061081896674434,6.059304628624183,5.066881402943676,4.095037070476608,3.3081994281833227,2.5425100555955473,1.9272174164134976,1.417666125758999,1.0021026260457209,0.6162687131684582,0.4890944066893604
Nepal,NPL,9.844846512378261,11.009335863111417,11.809926456405167,11.418784654394203,9.49964403076416,7.973181312842599,6.802228402487226,6.029589285150647,5.330770822446754,4.570332857538657,3.9182603450271274,3.1790858429456716,3.0668801313053025,2.2868901615714554,1.6010093393701974,0.9794905606778495,0.679743421583309
Netherlands,NLD,5.226299152971307,5.436429990645766,5.860540562111207,5.865847552308683,6.050629985191195,6.080128350059699,5.931957656003375,5.916078007915266,6.752280205304369,7.762804338768501,7.657054147002566,6.949801775946785,6.279674723413721,6.223340343597804,4.371247990398067,3.227730328392303,4.408154889969388
New Caledonia,NCL,7.609917985047564,7.3582687116070025,7.2590009487214235,7.6970977915670025,8.297466291085314,7.550577108341056,6.793065176062917,6.9212707738856185,7.394166278997359,6.846545225440387,6.412111399675456,5.368517833398657,4.322726456873468,3.5267528452485175,2.7633800856413395,1.9410327510357182,1.9381023373711992
Nicaragua,NIC,9.956343537817624,10.148960084392849,9.928984260523457,9.921305905657846,9.718396746350562,9.277573679322963,8.413717652258326,7.03588866352561,5.771820996666904,4.629867123356141,3.919824821704325,3.5046510771400086,2.687309109850129,1.566631020685192,1.3486446634940428,0.9861506812196977,1.1839299760343254
Niger,NER,20.828835647003487,16.48509582333289,13.1516469069989,10.235889828293915,7.61725644149088,6.106420786446838,5.111120491760439,4.466473894322965,3.652312263054849,2.9840314546572917,2.902454982933919,2.2514261937211297,1.6269664186154966,1.1857308262877957,0.7748985884802946,0.40351030598338017,0.21592914661552873
Nigeria,NGA,17.073999455615084,14.537460908351798,12.377706448627594,10.336762454841184,8.693201668157668,7.507030028578946,6.516888660068326,5.456352330607724,4.396818185744893,3.490310933095221,2.853329866996712,2.2825341474643395,1.7408852051768797,1.2913669941710069,0.8326397714641514,0.4209597918599801,0.1917531491784924
Norway,NOR,6.039895272645441,6.070799437174281,5.8578612661189595,6.277148316291408,6.832498464906915,6.848990961687891,6.729227690670891,6.473208651855916,7.277102268315582,7.293806701386969,6.43149573651618,6.112782089610902,5.42225512158496,5.775437316085059,3.728980495888532,2.6010748252633453,4.2274353839967675
Oman,OMN,8.58010204115718,6.8211380321435655,5.119561317890206,5.4818561950553395,10.780727756410641,16.510750041030693,15.139935255017157,9.723817241619662,6.656347197364415,5.111900770976147,3.2644173608480584,2.4532901492270085,1.7751090570156245,1.0459096131178849,0.7753408776359018,0.3992169317683549,0.3605801617221622
Pakistan,PAK,13.05477964749099,11.639402231386429,10.315655946924172,10.219776036478924,9.696971400388495,8.887571892730229,7.347176529015444,6.075526084511243,5.06377842019892,4.392506303854939,3.748579448569594,2.9546188820006836,2.1112762525912814,1.7050825186735337,1.314045073810662,0.8264417315424541,0.6468115998320052
Panama,PAN,9.376273338116398,9.06101359050235,8.727276521763917,8.740689122635201,8.190034412101781,7.923767561408461,7.536914557151296,7.229213713633591,6.811616075880199,6.051271766526067,5.179249103048224,4.223569477399767,3.3168318469609512,2.551117407087198,1.9338323567415878,1.3850864603739088,1.762242688669101
Papua New Guinea,PNG,13.068500460867838,12.445334695834445,11.628359009943274,10.662485541690657,9.087778294155083,7.853075096849181,7.236314102004628,6.521394754204475,5.866441379750243,4.390929322967231,3.451567403447105,2.71491383549794,2.063215344254429,1.3628379746699215,0.8495770161146905,0.47435985437547523,0.32291591337338327
Paraguay,PRY,10.148765130575228,10.086181563438425,9.898882728938748,10.314299042207834,9.818796850126137,9.119758739219021,7.976324583834341,6.342675079223565,5.0544326411786615,4.626635174555434,4.076908953185534,3.5307675426407976,2.985108123467512,2.187894395088026,1.566652703979125,1.1168191943423853,1.1490975539992254
Peru,PER,9.625087684575833,9.255134467743071,9.015395833910992,8.850642850245102,8.955571129759786,8.638717875415077,7.788822077040043,7.232819798914289,6.3073901723796695,5.644359328125005,4.831777878277077,3.887640084177193,3.1414965322961295,2.3702897726240546,1.7468998462870662,1.276027698286657,1.4319269699429544
Philippines,PHL,11.176791082011963,10.577612705617547,10.194131752231481,10.053558911649867,9.513469271587978,8.131814496005662,7.188153414427168,6.5946890743484605,5.869800905953804,5.316835319616369,4.472503533909017,3.640834187732707,2.6901601543882165,1.939933204166718,1.2083985211629127,0.839333741776701,0.5919797234134326
Poland,POL,5.165512732144517,5.208159559577263,4.5726059999400315,5.141301443755692,6.441532134134381,7.562138072894643,8.582500274506046,7.976694193263259,6.873307569209023,5.901599606153916,6.248102446524761,7.658461987447986,7.134758946573871,5.357776213300266,3.152274472454138,2.992190918368628,4.03108342975158
Portugal,PRT,4.239504780474128,4.7238130103929565,5.0900008138579445,5.2670028488889775,5.213508342719732,5.467773783791638,6.354174178923048,7.405103246520854,7.861944977603459,7.28377759067734,7.299813391931105,6.728239895586756,6.273869666684141,5.78622104710017,4.866609841425137,4.20929645890698,5.929346124515631
Puerto Rico,PRI,5.993094201743029,6.188910080128214,6.694611853955839,7.477242124908827,7.6008107807823535,7.165341366687179,7.059388368254743,7.05121378212195,6.680680517025303,6.501213810905703,6.311672790890056,5.643141320748309,5.1651870857658,4.663831658790472,3.475724645398542,2.596553663567424,3.7313819483262534
Qatar,QAT,5.922101858541485,5.008868837388245,4.590590756278085,4.933131426551935,9.67953635999651,17.4877815827911,17.165103529417028,11.663829682533647,9.17397907714882,6.174679189658913,3.6478322235170704,2.290150781419506,1.0793363917588032,0.43187771069919545,0.35417193242236694,0.2853238076278712,0.11170485224941899
Romania,ROU,4.736963967453849,5.382560795926058,5.4010565972529925,5.40108183026981,5.073017285423976,6.514801586732844,6.315571779151755,7.784072798666567,7.9316405276163255,8.301768511496263,5.643480283021591,7.1034979622824945,7.096488230210704,5.489099639531215,3.8095446207548225,3.883926507728267,4.131427076480467
Russian Federation,RUS,6.389088162630376,5.533385322896919,4.829444975657313,4.408320627702189,6.232038948743571,8.775500875039832,8.318557566993354,7.4412165055439194,6.943361829742463,5.938104040275851,7.661175483278544,7.502783422726555,6.66118012598872,4.0722133941716665,2.775315680176229,3.453130546507572,3.0651824919249284
Rwanda,RWA,14.598878210622079,14.167858058965694,12.285280213918298,10.577470531882657,8.71476405953453,9.455638086401452,7.790456676359164,5.447538284047104,3.998512963249761,3.0144536457810243,3.1488502770019395,2.259186439988885,1.7512562376902143,1.1517041058717796,0.7952166754840321,0.3842057127224849,0.458729820478901
Samoa,WSM,12.511644275156812,13.046245885689444,11.732771648001325,10.658910716873331,8.783923654956839,6.369677272444988,5.6435920260003725,5.356366572132403,5.232160970459768,4.982197197093589,4.250419193905645,3.5331318442461757,2.6652452025586353,1.7528515536050677,1.4216366158113731,0.9993375701244126,1.0598878009398225
Sao Tome and Principe,STP,15.538183499348548,14.201130584625728,12.888244441642499,10.614991804312194,8.803534653049216,8.313369478418021,6.19930231580717,6.513470348421804,4.194510990627495,3.4395620560669102,2.802294792586055,2.0515487748497456,1.3543899466229563,0.8636994073887279,0.7197495061572732,0.7680830496364477,0.7339343504392049
Saudi Arabia,SAU,10.023540622792908,9.829015333110211,8.729456329811201,8.025571163206319,7.604523497693686,8.705785080784716,9.21307459531549,9.492392797396302,8.92838866960732,6.518981450187081,4.688425995736512,3.2235130264157945,2.1550253116862415,1.1197458292502067,0.7678444629632143,0.5090142881003432,0.46570154594245117
Senegal,SEN,17.193899535027228,14.350286362074371,12.217910272357436,10.45250488903201,9.180738558951246,7.9605477407936265,6.613503504100956,5.412824528977698,4.245848429068601,3.247353656715693,2.5674333459380367,2.0362974480003104,1.5873267671222535,1.1559114572127822,0.8855812172865147,0.5531990863011065,0.3388332010401293
Serbia,SRB,5.093862458709059,5.304125979404632,5.902346061142303,6.272248625937264,6.359544841983138,6.75709919494116,6.459849519025192,7.026922581476233,7.058760190783245,6.70591097138956,6.339968728956383,6.279380024923253,7.357616545522144,6.216606801437893,3.768141024683379,3.3918681192922384,3.705748330392923
Seychelles,SYC,8.685785242514745,7.981416658638149,6.779280002569125,6.849930954751277,7.648500808204075,7.773745677981523,8.129141376837193,7.98783947247289,7.8272691266043655,7.238511191753107,6.632625753342539,5.534324587601828,4.052795529721571,1.9386193091193251,1.7223845766830448,1.4130190436430201,1.8048106875622212
Sierra Leone,SLE,15.562054328529918,14.273713565272587,12.527164884807252,10.825524268330176,9.200682949688092,7.9748539635627935,6.778994679215717,5.544115896896788,4.425489804722754,3.465312627069056,2.784578899346431,2.2376395900070416,1.7303861163729408,1.2987697235969096,0.8166666253433964,0.3947353740417134,0.1593167031964376
Singapore,SGP,4.795481555381552,5.090025261056817,5.657450530279844,6.377414136435723,6.8002866123625605,6.425273197733262,7.078606294993209,7.7513070455981765,8.242237310844693,8.011505686899481,8.276004236312833,7.638280889510067,6.175408789373518,4.6043163128035,2.6418779975147255,2.05911398044662,2.375410162453419
Slovak Republic,SVK,5.214515574130472,5.151681421998812,4.757419242074102,5.25450597201004,6.644619401666948,7.587611052173365,8.246134353724564,8.73532994014162,7.662779725366081,6.436555021735675,6.768831163084493,7.00794387405735,6.686988204952909,4.832698538774093,3.5174587862905025,2.4511403624247348,3.0437873653942384
Slovenia,SVN,5.36856485315704,5.019987584388119,4.395911667912912,4.5302929783948,5.072955046471315,6.353430115660971,7.21443002310118,7.673836739065224,7.039971776532555,7.442970326106077,7.392377434601176,7.31411352676553,7.212782361883587,4.927233949962467,4.496758226554387,3.5959721467717225,4.948411242670937
Solomon Islands,SLB,14.00569919686904,13.366895651235197,12.116533668271101,10.758219369387122,8.964840102057776,7.394904993394347,6.786773613712343,6.385636515984654,5.465471537429467,3.9820696343843545,3.1693429131018127,2.4299552254918257,1.7786429194418691,1.3883010533061682,1.0145804167644805,0.5435313430124865,0.44860184615595516
Somalia,SOM,18.27203112160595,15.47887180841123,12.954162674245099,11.141470407627478,8.772975582695782,7.020141828613129,5.666868512623963,4.607863241144241,3.810373942811713,3.165678202416515,2.5699946899557102,2.075506085785397,1.6400231239079552,1.2073583419609193,0.7866986357042631,0.4969267006232628,0.33305509986739723
South Africa,ZAF,9.855168627282177,10.115264719813009,9.268796307189547,9.684254933871127,9.662303350092351,9.823430083660329,8.503652004792556,6.450622678959942,5.701465804464104,5.127543500709737,4.507443979107386,3.576157671558644,2.6905341484188825,1.856495756487642,1.277498194211384,0.9377212700012811,0.9616469693799038
South Asia,SAS,9.932271263898372,10.00731673156829,9.879291358703894,9.608039094576995,9.126133319640104,8.62277356557369,7.867711918161624,6.861931658024742,6.007632915628731,5.282263361590227,4.582427627246726,3.792586111591581,3.01049726195793,2.121114149664188,1.4906291688410784,0.9686078952741626,0.8387725980576657
South Sudan,SSD,15.849682312826161,13.926346689884742,12.309912014867,10.978416851083308,9.387841565171334,7.804186968164507,6.25509529642753,5.241295410335263,4.355187907238781,3.634018087147519,2.8769401024910266,2.244718152918375,1.6718974324730393,1.4218044813000392,1.0322685629246215,0.6074889957804868,0.4028991689662695
Spain,ESP,4.649158426222446,5.284650672938421,4.9478687202567855,4.534293204781664,4.842901441062448,5.340027043753362,6.613050552044434,8.38797315399017,8.568534702127382,8.035425977656487,7.6488744067397985,6.764351052731314,5.593420394028533,5.104117115501492,4.292843271004432,3.4742746193873018,5.918235245773528
Sri Lanka,LKA,7.931509290972426,8.442446118827547,8.199877163008274,7.651241197830945,7.408362216211326,6.994816416314473,7.3225232265367595,7.485634954540917,6.590103966913665,6.392712924646513,6.0777791773985275,5.565468696766483,4.634279972471616,3.9682920874213616,2.457679451160849,1.3536203405924363,1.5236527983858816
St. Lucia,LCA,7.443824020670382,7.596257277066362,8.085449110535732,8.626533116395224,8.885993978345828,7.518959561943578,7.504905431921253,7.115714138995346,6.910848166746847,6.80436110465462,6.163817101714064,4.802188119935783,3.543802939475348,2.863258720317407,2.1637954799755676,1.690279406915713,2.2800123243909427
Sudan,SDN,14.793554011168716,13.444846190924581,12.264862613490452,10.699531814210365,9.222554697687444,7.778203500137021,6.777430091630442,5.811519467113138,4.7884072333056675,3.841760987393973,3.0288767840800426,2.376922591695435,1.8434849641164601,1.36882220755612,0.9360956992492236,0.5785527095618175,0.4445744366790985
Suriname,SUR,8.874257562502878,8.94626824439431,8.961370228831898,8.779041392329297,7.868133891983978,8.279202541553477,7.658547815276946,6.394953727151343,6.862378562548921,6.372853262120724,6.171923200884018,4.588793222524058,3.356508126525162,2.4188958976011787,1.8452046595147105,1.326027901837101,1.295639762420001
Swaziland,SWZ,13.47288592585686,12.40930247014305,11.472761602834565,11.451005073933347,11.640597682929672,10.420211815349232,7.4406551823274825,4.799024064275002,3.4632508916291758,2.9554690474525436,2.6061990566990683,2.3258506414290934,1.959952446443973,1.4973153997373676,1.0196041865777756,0.6346690288040903,0.4312454835777058
Sweden,SWE,6.033695659383918,5.941381859817934,5.309808927987379,5.167909372054921,7.133021776811031,6.7173239407154774,6.239059676901702,6.121794822732706,6.446158532571841,7.220641308435344,6.209485788869176,5.921543475299221,5.596169477359596,6.53653339537931,4.920541861389493,3.384271242965614,5.100658881325335
Switzerland,CHE,5.0993125583383545,4.884711939846138,4.791322271636662,5.242005305846937,6.139736736288298,6.714661598298845,7.12902240313569,6.719443381155187,7.101225271480891,8.162563711822717,7.850310876261708,6.604185509024408,5.519662666954861,5.363506061151275,4.3646568285911975,3.292378248684104,5.021294631482727
Syrian Arab Republic,SYR,11.844963140753586,12.65801925402919,12.61973235599054,11.535549444280592,8.449200652909434,7.437883912763163,7.092345198434388,6.025295187173694,4.868575790627958,4.247105499158407,3.7779072383693957,3.0043324619334784,2.374792952681361,1.5004097033181565,1.122388739241741,0.7512155306445705,0.6902829376903434
Tajikistan,TJK,13.860258162866495,11.094884314810852,9.882401903828821,10.242193482439866,9.981649061437622,9.901690137357924,7.261583698377301,5.662075100317089,5.069233086394426,4.573704690778137,4.370293998187896,3.0853746026075664,2.0083696314072808,0.9553452635066267,0.7848047390576707,0.6603862008959125,0.6057519257285111
Tanzania,TZA,17.57691448842182,14.997796912760364,12.623981633209539,10.3619010286435,8.82279959648718,7.4915177400888195,6.346944721960292,5.232206891212001,4.103289257873793,3.170205133978749,2.485909031572971,2.0147270210333112,1.5698380525157647,1.2677102592423999,0.8911899326767959,0.5796849921882042,0.4633833061344945
Thailand,THA,5.5900998124482015,5.938812636534727,6.1818593668607145,6.4784513344217975,6.707557379992357,6.839246379589896,7.39665304965575,8.133859826429498,8.324200056095291,8.280504823478395,7.6243170569045535,6.7148352591142,5.317732617224951,3.72430822956997,2.6160914790264576,2.02765302715701,2.1038176654962273
Timor-Leste,TLS,17.19598401370736,12.591020160116143,12.624022485471803,10.737572429975565,9.03022962359624,7.199149198364233,5.971479576118471,3.974881094563057,4.422058382886058,3.7316261030668527,3.009457571754736,2.3190252919355316,1.6134001257633372,2.9145020320485497,1.5062058720505753,0.7013205150388474,0.45806552354264346
Togo,TGO,15.8807805187377,14.140762135745554,12.217584643493437,10.375411146270189,9.13136939601439,8.139813141840637,6.977350368494936,5.736019247107773,4.513867878472925,3.5040764846374426,2.7597487493459583,2.170994683060404,1.6874486109943656,1.247039870065047,0.8272072664567344,0.45174409801633986,0.23878176124616643
Tonga,TON,12.159743807101817,12.530846755203918,12.073090326834322,10.820382405575964,9.03456720354149,6.424602053310728,6.124140529339738,5.561834793256098,5.470471884713196,4.424036921917679,3.6460393708203824,3.573514175379109,2.283130827917491,1.8291419421682207,1.4797023641329943,1.1717057549213525,1.3930488838654986
Trinidad and Tobago,TTO,7.065939850950821,7.088879543088389,6.625086023845515,6.353338901600485,7.09917299468858,8.554446476992664,9.368217350642018,7.547011663951156,6.767723853162442,6.265623989036004,7.1062313615001385,5.938218703495656,4.808291816411879,3.593223379663669,2.5784361011934522,1.6310709307044837,1.6090870590726483
Tunisia,TUN,8.727331827794135,7.604033356928842,7.02537171812567,7.3493760282307266,8.258048968352576,9.041463701156097,8.581582316128754,7.510454030788852,6.585537333361533,6.595960707168598,5.9904008991292885,5.057993234848298,4.080355414831617,2.5444850577870777,1.9213041497823709,1.5569748010273021,1.5693264545582668
Turkey,TUR,8.670688404355486,8.479137638285899,8.520681724199694,8.50913922855705,8.08092408101459,8.110168036109197,8.124500815665455,7.658898406080505,6.858905575648283,5.944874667946681,5.249056674289205,4.5707011544910925,3.6836260419549376,2.6255097035142194,2.0051158171216144,1.4714749720431348,1.436597058722955
Turkmenistan,TKM,9.820913810025566,9.261297381111982,9.141803613360523,8.712884074482526,10.302573628892294,9.927752888153758,8.240398905592667,7.04244643437371,6.149713910965326,5.424079120097098,5.053538642025257,4.061187657509013,2.706335644799239,1.5830458423575537,0.8863679589213888,0.9186560272983988,0.7670044600336987
Uganda,UGA,18.645851061668463,15.954152735178889,13.490652108020154,11.111553194177255,9.18463522967583,7.447838888033047,6.044291479718264,4.773439018570811,3.5864067023527615,2.5918504642670674,1.8847990910521657,1.5082630235514956,1.2873772016430562,0.9991549836964861,0.7208527339978191,0.4105514131689064,0.3583306712275292
Ukraine,UKR,5.490129995260002,5.339412554329867,4.098077090836032,4.723321379657111,6.182209955961628,8.007832124666788,8.140511308946039,7.525410079113424,7.070945670387656,6.314455070467575,7.603201583486532,6.931841810535144,7.26646088363628,4.014376922405886,3.7185694451066835,4.200329312791587,3.3729148124117647
United Arab Emirates,ARE,5.365796498249474,4.715974062579482,3.8556997554756967,4.677194829770526,8.023599090659207,13.53443275898352,14.984891824942395,14.355152467035195,12.31778483761483,7.93152707944763,5.199747995050323,2.6885005432477995,1.21182099348878,0.6464479544145805,0.26239048907372453,0.1218744686420596,0.10716435132477875
United Kingdom,GBR,6.269791917131667,6.142786776860519,5.361641521132107,5.843693563805662,6.532073492457875,6.853121642233566,6.718339611656031,6.219477816746678,6.562482438660833,7.290423938020718,7.186577501893937,6.013074695304048,5.246147406848515,5.658245822205394,4.158764639823268,3.248690365530734,4.694666849688448
United States,USA,6.122712454253378,6.412375021552099,6.415258175705195,6.439712562193543,7.2376428190337005,6.834147464259545,6.847140791862411,6.130190858955869,6.462670147707407,6.409333818158712,7.130948381497689,6.877284639880668,5.894513929797352,4.981338398176799,3.551442653864778,2.492691327114519,3.760596555986339
Uruguay,URY,7.016090373023309,7.128051277044954,7.270843684568658,7.518399093122506,7.624240322535993,7.0841353264045015,6.54612850442438,6.932483961352798,6.538056362203141,5.854954969394342,5.865416698843527,5.480751437759267,4.70594234975106,4.073430267036373,3.378351796780177,2.697902262968246,4.284821312786768
Uzbekistan,UZB,10.687728069139306,9.495034281879008,8.337153223003353,8.885552740085377,9.950187701502708,10.054111491532753,8.316206797958408,6.735259712187301,5.898814900729569,5.096754687553366,5.017400453440899,4.107173489212735,2.7608864299594966,1.5982735749441905,0.967989383140243,1.0681015372522553,1.0233715264790322
Vanuatu,VUT,13.13725193839457,12.647174402611732,10.746565300847905,9.775856596587216,8.547828846938621,8.713329202122031,7.514396263772803,6.117467466711002,5.081767755391986,4.48400163233227,3.9349787645662984,2.8282423711137645,2.2720402641960007,1.5767876305487962,1.3901274126022096,0.766667170472923,0.4655169807898675
"Venezuela, RB",VEN,9.515038261920543,9.395779868531275,9.19459421527196,8.936651609165374,8.790618824052899,8.556232796472866,7.682324879999839,6.916093158167285,6.107772696890387,5.9205737621312124,5.413998027458009,4.16900006342403,3.13432685646364,2.345699026198432,1.6626000387101962,1.0947251233706685,1.1639707917713862
Vietnam,VNM,8.283620895591163,7.72758158007161,7.078484877095087,7.461783704891044,9.420590137096694,9.271749127681035,8.488900829965782,7.647423085282321,7.105593268431004,6.425844522286785,5.850724004596105,4.950304971583238,3.546891274732141,2.0268325534773317,1.465737264559636,1.2397449578168593,2.008192944842165
World,WLD,9.147105351685699,8.690723745581359,8.275038547012835,8.03450417004374,8.217776957262354,8.302657852788071,7.494106288020484,6.7657032150082035,6.593990053428556,6.169572939955551,5.456362687171671,4.611868333196921,3.9736859406160674,2.9235221408603724,2.0822500638147368,1.5585645818388405,1.7025671317145405
"Yemen, Rep.",YEM,14.626366105071833,13.476498306233756,12.16093788753556,11.253640446754023,10.841587248760492,9.00932703468573,7.105406691173279,5.406113509451233,3.7176207778597483,2.9274698343017898,2.529384920328046,2.2718437519973658,1.886787952466839,1.3019312792477251,0.7836550206533452,0.3966239835213008,0.30480524995793307
Zambia,ZMB,17.58478270752349,15.344120107326981,12.985999613737356,10.842463995442323,9.205202616099776,7.89736862119965,6.451912367109642,5.265027556835723,3.8790836310440433,2.7419774784574686,1.9748556711924123,1.572746511839209,1.3458249184064883,1.1380375748060036,0.8384588798987797,0.5326254688955251,0.39951228018512724
Zimbabwe,ZWE,16.052822992560735,13.786940520937621,11.760579913119166,10.693889814687166,10.20817418671874,9.468695616561464,8.051753181217851,5.752562480808673,3.6760696879672055,2.4976685201218682,1.981394178500958,1.6746021262532484,1.4303182816927604,0.9857171982043423,0.8655717187308829,0.5863901820903249,0.5268493998269921
